Name,Address,Phone,Website,Rating,Review Count,Email_1,Email_1_Method,Email_1_Source,Email_1_Accuracy_Score,Email_1_Confidence,Email_2,Email_2_Method,Email_2_Source,Email_2_Accuracy_Score,Email_2_Confidence,Email_3,Email_3_Method,Email_3_Source,Email_3_Accuracy_Score,Email_3_Confidence
Richelieu Birmingham,"3912 2nd Ave S, Birmingham, AL 35222, USA",(205) 595-4655,https://www.hghhardware.com/birmingham_branch?utm_source=gmb&utm_medium=organic,4.6,52,richelieu@hghhardware.com,pattern_generation,business_domain,0.7,medium,richelieu@gmail.com,pattern_generation,common_domain,0.4,low,richelieu@yahoo.com,pattern_generation,common_domain,0.4,low
Little Hardware,"2117 Cahaba Rd, Birmingham, AL 35223, USA",(205) 871-4616,http://www.little-hardware.com/,4.6,224,little@little-hardware.com,pattern_generation,business_domain,0.7,medium,little@gmail.com,pattern_generation,common_domain,0.4,low,little@yahoo.com,pattern_generation,common_domain,0.4,low
Five Points Paint & Hardware,"1000 20th St S, Birmingham, AL 35205, USA",(205) 252-1200,N/A,3.1,108,five@gmail.com,pattern_generation,common_domain,0.4,low,five@yahoo.com,pattern_generation,common_domain,0.4,low,info@gmail.com,pattern_generation,common_domain_suffix,0.3,low
"Cahaba Heights Hardware, Inc.","3209 Cahaba Heights Rd, Vestavia Hills, AL 35243, USA",(205) 967-0710,N/A,4.8,139,cahaba@gmail.com,pattern_generation,common_domain,0.4,low,cahaba@yahoo.com,pattern_generation,common_domain,0.4,low,info@gmail.com,pattern_generation,common_domain_suffix,0.3,low
Bluff Park Hardware,"597 Shades Crest Rd, Birmingham, AL 35226, USA",(205) 823-1953,https://www.bluffparkhardware.com/,4.9,166,bluff@bluffparkhardware.com,pattern_generation,business_domain,0.7,medium,bluff@gmail.com,pattern_generation,common_domain,0.4,low,bluff@yahoo.com,pattern_generation,common_domain,0.4,low
Midfield Hardware & Storage,"402 By Williams Sr Dr, Midfield, AL 35228, USA",(205) 923-2555,http://www.acehardware.com/,4.3,239,u003eorders@cpeauto.com,website_scraping,contact_page,0.95,very_high,fraud@acehardware.com,website_scraping,contact_page,0.95,very_high,u003ecustomersupport@generac.com,website_scraping,contact_page,0.95,very_high
Rocky Ridge Hardware,"3348 Morgan Dr, Vestavia Hills, AL 35216, USA",(205) 979-5444,http://www.rockyridgehardware.com/,4.5,84,rocky@rockyridgehardware.com,pattern_generation,business_domain,0.7,medium,rocky@gmail.com,pattern_generation,common_domain,0.4,low,rocky@yahoo.com,pattern_generation,common_domain,0.4,low
Lowe's Home Improvement,"375 State Farm Pkwy, Homewood, AL 35209, USA",(205) 942-2223,https://www.lowes.com/store/AL-Homewood/0580?cm_mmc=lod-_-c-_-lcl-_-awr-_-yxt-_-go-_-580-_-na-_-0-_-0&y_source=1_MTE4MjgxMi03MTUtbG9jYXRpb24ud2Vic2l0ZQ%3D%3D,3.9,1922,lowes@lowes.com,pattern_generation,business_domain,0.7,medium,lowes@gmail.com,pattern_generation,common_domain,0.4,low,lowes@yahoo.com,pattern_generation,common_domain,0.4,low
Argo Hardware,"335 US-11, Trussville, AL 35173, USA",(205) 452-2139,http://www.argohardware.com/,4.6,213,argo@argohardware.com,pattern_generation,business_domain,0.7,medium,argo@gmail.com,pattern_generation,common_domain,0.4,low,argo@yahoo.com,pattern_generation,common_domain,0.4,low
Old Southern Feed and Hardware,"5334 Birmingport Rd, Sylvan Springs, AL 35118, USA",(205) 491-3042,https://www.facebook.com/pages/Julian-Hardware-Co/146354322060391,4.7,249,old@facebook.com,pattern_generation,business_domain,0.7,medium,old@gmail.com,pattern_generation,common_domain,0.4,low,old@yahoo.com,pattern_generation,common_domain,0.4,low
Ace of The South,"255 City St, Gardendale, AL 35071, USA",(205) 386-3596,http://www.acehardware.com/store-details/17475?utm_source=google&utm_medium=local&utm_campaign=localmaps&utm_content=17475,4.7,276,ace@acehardware.com,pattern_generation,business_domain,0.7,medium,ace@gmail.com,pattern_generation,common_domain,0.4,low,ace@yahoo.com,pattern_generation,common_domain,0.4,low
ORear Hardware LLC,"1840 Pinson St, Birmingham, AL 35217, USA",(205) 841-4646,N/A,4.7,147,orear@gmail.com,pattern_generation,common_domain,0.4,low,orear@yahoo.com,pattern_generation,common_domain,0.4,low,info@gmail.com,pattern_generation,common_domain_suffix,0.3,low
Dixie Hardware,"24 W Park Ave, Montgomery, AL 36110, USA",(334) 263-0825,N/A,4.6,139,dixie@gmail.com,pattern_generation,common_domain,0.4,low,dixie@yahoo.com,pattern_generation,common_domain,0.4,low,info@gmail.com,pattern_generation,common_domain_suffix,0.3,low
Home Outlet,"4055 Eastern Blvd, Montgomery, AL 36116, USA",(334) 288-7535,http://www.homeoutlet.com/store/home-outlet-montgomery-al,4.4,125,user@example.com,website_scraping,contact_page,0.95,very_high,N/A,N/A,N/A,N/A,N/A,N/A,N/A,N/A,N/A,N/A
Sabel Wholesale Center,"589 N Court St, Montgomery, AL 36104, USA",(334) 263-0234,http://www.sabelwholesale.com/,4.7,78,sabel@sabelwholesale.com,pattern_generation,business_domain,0.7,medium,sabel@gmail.com,pattern_generation,common_domain,0.4,low,sabel@yahoo.com,pattern_generation,common_domain,0.4,low
Brass Hardware Inc,"217 N Burbank Dr, Montgomery, AL 36117, USA",(334) 260-0001,http://www.brasshardwarealabama.com/,4,1,randy@brasshardwarealabama.com,website_scraping,main_page,0.9,high,N/A,N/A,N/A,N/A,N/A,N/A,N/A,N/A,N/A,N/A
Russell Do it Center - Wetumpka,"7986 US-231, Wetumpka, AL 36092, USA",(334) 567-2255,https://www.doitbest.com/russell-do-it-center/,4.3,289,russell@doitbest.com,pattern_generation,business_domain,0.7,medium,russell@gmail.com,pattern_generation,common_domain,0.4,low,russell@yahoo.com,pattern_generation,common_domain,0.4,low
Lowe's Home Improvement,"1950 Eastern Blvd, Montgomery, AL 36117, USA",(334) 409-9000,https://www.lowes.com/store/AL-Montgomery/0441?cm_mmc=lod-_-c-_-lcl-_-awr-_-yxt-_-go-_-441-_-na-_-0-_-0&y_source=1_MTE4MzE1OC03MTUtbG9jYXRpb24ud2Vic2l0ZQ%3D%3D,3.9,2111,lowes@lowes.com,pattern_generation,business_domain,0.7,medium,lowes@gmail.com,pattern_generation,common_domain,0.4,low,lowes@yahoo.com,pattern_generation,common_domain,0.4,low
Prohardware LLC,"1729 Upper Wetumpka Rd, Montgomery, AL 36107, USA",(334) 398-8090,N/A,4.7,18,prohardware@gmail.com,pattern_generation,common_domain,0.4,low,prohardware@yahoo.com,pattern_generation,common_domain,0.4,low,info@gmail.com,pattern_generation,common_domain_suffix,0.3,low
Autauga Home Supply,"425 E Main St, Prattville, AL 36067, USA",(334) 365-5903,N/A,4.5,82,autauga@gmail.com,pattern_generation,common_domain,0.4,low,autauga@yahoo.com,pattern_generation,common_domain,0.4,low,info@gmail.com,pattern_generation,common_domain_suffix,0.3,low
Buck's Bargain Center,"5841 Atlanta Hwy, Montgomery, AL 36117, USA",(334) 232-5598,https://www.bucksbargains.com/,4.4,96,605a7baede844d278b89dc95ae0a9123@sentry-next.wixpress.com,website_scraping,main_page,0.9,high,8eb368c655b84e029ed79ad7a5c1718e@sentry.wixpress.com,website_scraping,main_page,0.9,high,N/A,N/A,N/A,N/A,N/A
Lassiter's Hardware,"15271 US-31, Hope Hull, AL 36043, USA",(334) 288-4133,N/A,4.8,87,lassiters@gmail.com,pattern_generation,common_domain,0.4,low,lassiters@yahoo.com,pattern_generation,common_domain,0.4,low,info@gmail.com,pattern_generation,common_domain_suffix,0.3,low
Capitol Bolt & Supply Co,"816 Lagoon Commercial Blvd, Montgomery, AL 36117, USA",(334) 244-2116,N/A,4.9,27,capitol@gmail.com,pattern_generation,common_domain,0.4,low,capitol@yahoo.com,pattern_generation,common_domain,0.4,low,info@gmail.com,pattern_generation,common_domain_suffix,0.3,low
Marshall Lumber & Millwork,"3200 Day St, Montgomery, AL 36108, USA",(334) 263-0525,http://www.marshallmillwork.com/,4.5,30,logo@2x.png,website_scraping,main_page,0.9,high,N/A,N/A,N/A,N/A,N/A,N/A,N/A,N/A,N/A,N/A
Slapout Hardware,"8580 Holtville Rd, Wetumpka, AL 36092, USA",(334) 569-0080,N/A,4.6,32,slapout@gmail.com,pattern_generation,common_domain,0.4,low,slapout@yahoo.com,pattern_generation,common_domain,0.4,low,info@gmail.com,pattern_generation,common_domain_suffix,0.3,low
Store Room Fasteners Inc,"600 N Eastern Blvd, Montgomery, AL 36117, USA",(334) 271-3152,http://www.srfinc.com/,4.4,21,mymail@mailservice.com,website_scraping,main_page,0.9,high,N/A,N/A,N/A,N/A,N/A,N/A,N/A,N/A,N/A,N/A
Blankenships' Universal Supply,"1305 SpringHill Ave, Mobile, AL 36604, USA",(251) 433-3635,http://www.blankenshipsuniversalsupply.com/,4.6,407,blankenships@blankenshipsuniversalsupply.com,pattern_generation,business_domain,0.7,medium,blankenships@gmail.com,pattern_generation,common_domain,0.4,low,blankenships@yahoo.com,pattern_generation,common_domain,0.4,low
Spring Hill Ace,"4621 D SpringHill Ave, Mobile, AL 36608, USA",(251) 342-7420,http://www.acehardware.com/store-details/11037?utm_source=google&utm_medium=local&utm_campaign=localmaps&utm_content=11037,4.6,207,spring@acehardware.com,pattern_generation,business_domain,0.7,medium,spring@gmail.com,pattern_generation,common_domain,0.4,low,spring@yahoo.com,pattern_generation,common_domain,0.4,low
West Mobile Hardware & General Store,"9120 Airport Blvd ste f, Mobile, AL 36608, USA",(251) 459-0848,https://hurleyhardware.com/,5,1,info@latinotype.com,website_scraping,main_page,0.9,high,impallari@gmail.com,website_scraping,main_page,0.9,high,hurleyhardwareco@gmail.com,website_scraping,contact_page,0.95,very_high
Home Outlet,"952 East Interstate 65 Service Rd N Suite 107, Mobile, AL 36607, USA",(251) 471-6609,http://www.homeoutlet.com/store/home-outlet-mobile-al,4.2,82,user@example.com,website_scraping,contact_page,0.95,very_high,N/A,N/A,N/A,N/A,N/A,N/A,N/A,N/A,N/A,N/A
Dawes Hardware Store,"4021 Dawes Rd, Mobile, AL 36695, USA",(251) 633-2736,http://dawes-hardware-store.paqe.io/,4.8,162,dawes@dawes-hardware-store.paqe.io,pattern_generation,business_domain,0.7,medium,dawes@gmail.com,pattern_generation,common_domain,0.4,low,dawes@yahoo.com,pattern_generation,common_domain,0.4,low
Paris Ace Cottage Hill,"7101 Cottage Hill Rd, Mobile, AL 36695, USA",(251) 699-6353,N/A,4.5,31,paris@gmail.com,pattern_generation,common_domain,0.4,low,paris@yahoo.com,pattern_generation,common_domain,0.4,low,info@gmail.com,pattern_generation,common_domain_suffix,0.3,low
Moffett Road Ace Hdwe,"7380 Moffett Rd, Mobile, AL 36618, USA",(251) 645-1001,http://www.moffettroadace.com/?utm_source=google&utm_medium=local&utm_campaign=localmaps&utm_content=14503,4.4,255,moffett@moffettroadace.com,pattern_generation,business_domain,0.7,medium,moffett@gmail.com,pattern_generation,common_domain,0.4,low,moffett@yahoo.com,pattern_generation,common_domain,0.4,low
Lowe's Home Improvement,"4401 Rangeline Rd, Mobile, AL 36619, USA",(251) 643-7350,https://www.lowes.com/store/AL-Mobile/1599?cm_mmc=lod-_-c-_-lcl-_-awr-_-yxt-_-go-_-1599-_-na-_-0-_-0&y_source=1_MTE4MjkyNC03MTUtbG9jYXRpb24ud2Vic2l0ZQ%3D%3D,4.1,2602,lowes@lowes.com,pattern_generation,business_domain,0.7,medium,lowes@gmail.com,pattern_generation,common_domain,0.4,low,lowes@yahoo.com,pattern_generation,common_domain,0.4,low
Greer's CashSaver,"4055 Cottage Hill Rd, Mobile, AL 36609, USA",(251) 666-1329,https://www.greers.com/?utm_source=google&utm_medium=organic&utm_campaign=cashsaver_cottage_hill,4.2,798,greers@greers.com,pattern_generation,business_domain,0.7,medium,greers@gmail.com,pattern_generation,common_domain,0.4,low,greers@yahoo.com,pattern_generation,common_domain,0.4,low
Lowe's Home Improvement,"151 E Interstate 65 Service Rd S, Mobile, AL 36606, USA",(251) 473-1880,https://www.lowes.com/store/AL-Mobile/0212?cm_mmc=lod-_-c-_-lcl-_-awr-_-yxt-_-go-_-212-_-na-_-0-_-0&y_source=1_MTE4MjkyMS03MTUtbG9jYXRpb24ud2Vic2l0ZQ%3D%3D,3.9,2348,lowes@lowes.com,pattern_generation,business_domain,0.7,medium,lowes@gmail.com,pattern_generation,common_domain,0.4,low,lowes@yahoo.com,pattern_generation,common_domain,0.4,low
Smith Hardware,"626 Saraland Blvd S, Saraland, AL 36571, USA",(251) 679-0526,N/A,4.7,202,smith@gmail.com,pattern_generation,common_domain,0.4,low,smith@yahoo.com,pattern_generation,common_domain,0.4,low,info@gmail.com,pattern_generation,common_domain_suffix,0.3,low
Jubilee Ace Home Cntr Inc,"560 Fairhope Ave, Fairhope, AL 36532, USA",(251) 990-6665,http://www.acehardware.com/store-details/03982?utm_source=google&utm_medium=local&utm_campaign=localmaps&utm_content=03982,4.7,265,jubilee@acehardware.com,pattern_generation,business_domain,0.7,medium,jubilee@gmail.com,pattern_generation,common_domain,0.4,low,jubilee@yahoo.com,pattern_generation,common_domain,0.4,low
Al's 5 & 10,"4358 Old Shell Rd, Mobile, AL 36608, USA",(251) 343-6703,N/A,4.2,64,als@gmail.com,pattern_generation,common_domain,0.4,low,als@yahoo.com,pattern_generation,common_domain,0.4,low,info@gmail.com,pattern_generation,common_domain_suffix,0.3,low
Bay Area Screw & Supply,"3405 Moffett Rd, Mobile, AL 36607, USA",(251) 478-5062,https://www.bayareascrew.com/,4.8,15,bay@bayareascrew.com,pattern_generation,business_domain,0.7,medium,bay@gmail.com,pattern_generation,common_domain,0.4,low,bay@yahoo.com,pattern_generation,common_domain,0.4,low
Greer's Cash Saver,"10835 Dauphin Island Pkwy, Theodore, AL 36582, USA",(251) 973-9243,http://www.acehardware.com/store-details/16943?utm_source=google&utm_medium=local&utm_campaign=localmaps&utm_content=16943,4.5,211,greers@acehardware.com,pattern_generation,business_domain,0.7,medium,greers@gmail.com,pattern_generation,common_domain,0.4,low,greers@yahoo.com,pattern_generation,common_domain,0.4,low
Harrison Brothers Hardware,"124 Southside Square, Huntsville, AL 35801, USA",(256) 536-3631,http://harrisonbrothershardware.com/,4.7,287,harrison@harrisonbrothershardware.com,pattern_generation,business_domain,0.7,medium,harrison@gmail.com,pattern_generation,common_domain,0.4,low,harrison@yahoo.com,pattern_generation,common_domain,0.4,low
At Home,"1401 Memorial Pkwy NW, Huntsville, AL 35816, USA",(256) 203-8404,https://www.athome.com/store/alabama-huntsville/,4.3,1187,customercareline@athome.com,website_scraping,main_page,0.9,high,N/A,N/A,N/A,N/A,N/A,N/A,N/A,N/A,N/A,N/A
Lowe's Home Improvement,"3505 Mem Pkwy NW Service Rd, Huntsville, AL 35810, USA",(256) 859-0735,https://www.lowes.com/store/AL-Huntsville/1577?cm_mmc=lod-_-c-_-lcl-_-awr-_-yxt-_-go-_-1577-_-na-_-0-_-0&y_source=1_MTE4Mjk2MC03MTUtbG9jYXRpb24ud2Vic2l0ZQ%3D%3D,4.2,2628,lowes@lowes.com,pattern_generation,business_domain,0.7,medium,lowes@gmail.com,pattern_generation,common_domain,0.4,low,lowes@yahoo.com,pattern_generation,common_domain,0.4,low
Home Outlet,"4710 University Dr Suite P, Huntsville, AL 35816, USA",(256) 430-4067,http://www.homeoutlet.com/store/home-outlet-huntsville-al,4.3,121,user@example.com,website_scraping,contact_page,0.95,very_high,N/A,N/A,N/A,N/A,N/A,N/A,N/A,N/A,N/A,N/A
ACE Hazel Green Bldg Sply Inc,"15409, 431 North US-231, Hazel Green, AL 35750, USA",(256) 828-2779,https://www.acehardware.com/store-details/10082,4.3,200,ace@acehardware.com,pattern_generation,business_domain,0.7,medium,ace@gmail.com,pattern_generation,common_domain,0.4,low,ace@yahoo.com,pattern_generation,common_domain,0.4,low
City Lumber and Truss Company,"3312 Bob Wallace Ave SW, Huntsville, AL 35805, USA",(256) 533-0110,http://citylumberhomecenter.com/,4.6,43,marketing@spahnandrose.com,website_scraping,main_page,0.9,high,N/A,N/A,N/A,N/A,N/A,N/A,N/A,N/A,N/A,N/A
City Lumber Co,"3272 Long Ave SW, Huntsville, AL 35805, USA",(256) 533-0110,https://citylumberhomecenter.com/,4.2,23,marketing@spahnandrose.com,website_scraping,main_page,0.9,high,N/A,N/A,N/A,N/A,N/A,N/A,N/A,N/A,N/A,N/A
Habitat ReStore,"400 Pratt Ave NW, Huntsville, AL 35801, USA",(256) 533-2282,https://habitatrivervalley.org/restore/,3.9,458,habitat@habitatrivervalley.org,pattern_generation,business_domain,0.7,medium,habitat@gmail.com,pattern_generation,common_domain,0.4,low,habitat@yahoo.com,pattern_generation,common_domain,0.4,low
Lowe's Home Improvement,"10050 S Memorial Pkwy, Huntsville, AL 35803, USA",(256) 880-1981,https://www.lowes.com/store/AL-Huntsville/0411?cm_mmc=lod-_-c-_-lcl-_-awr-_-yxt-_-go-_-411-_-na-_-0-_-0&y_source=1_MTE4Mjk2Mi03MTUtbG9jYXRpb24ud2Vic2l0ZQ%3D%3D,4.2,1496,lowes@lowes.com,pattern_generation,business_domain,0.7,medium,lowes@gmail.com,pattern_generation,common_domain,0.4,low,lowes@yahoo.com,pattern_generation,common_domain,0.4,low
Southeastern Salvage Home Emporium,"1221 Jordan Ln NW, Huntsville, AL 35816, USA",(256) 970-3260,https://southeasternsalvage.com/,4.3,716,southeastern@southeasternsalvage.com,pattern_generation,business_domain,0.7,medium,southeastern@gmail.com,pattern_generation,common_domain,0.4,low,southeastern@yahoo.com,pattern_generation,common_domain,0.4,low
"Jomo’s Power Equipment, Parts & Service, Inc.","1018 Andrew Jackson Way NE 8515-A Whitesburg Dr, 35802 south location, Huntsville, AL 35801, USA",(256) 536-7331,http://www.jomospe.com/,4.2,166,jomos@jomospe.com,pattern_generation,business_domain,0.7,medium,jomos@gmail.com,pattern_generation,common_domain,0.4,low,jomos@yahoo.com,pattern_generation,common_domain,0.4,low
McFarland Ace,"400 McFarland Blvd A-2, Northport, AL 35476, USA",(205) 409-8669,http://www.acehardware.com/store-details/17077?utm_source=google&utm_medium=local&utm_campaign=localmaps&utm_content=17077,4.5,256,mcfarland@acehardware.com,pattern_generation,business_domain,0.7,medium,mcfarland@gmail.com,pattern_generation,common_domain,0.4,low,mcfarland@yahoo.com,pattern_generation,common_domain,0.4,low
"Anders Hardware Company, Inc.","419 Main Ave, Northport, AL 35476, USA",(205) 752-0461,http://hardwareeverything.com/,4.9,136,anders@hardwareeverything.com,pattern_generation,business_domain,0.7,medium,anders@gmail.com,pattern_generation,common_domain,0.4,low,anders@yahoo.com,pattern_generation,common_domain,0.4,low
Lowe's Home Improvement,"4900 Oscar Baxter Dr, Tuscaloosa, AL 35405, USA",(205) 759-4403,https://www.lowes.com/store/AL-Tuscaloosa/0423?cm_mmc=lod-_-c-_-lcl-_-awr-_-yxt-_-go-_-423-_-na-_-0-_-0&y_source=1_MTE4MjgxMS03MTUtbG9jYXRpb24ud2Vic2l0ZQ%3D%3D,3.9,1763,lowes@lowes.com,pattern_generation,business_domain,0.7,medium,lowes@gmail.com,pattern_generation,common_domain,0.4,low,lowes@yahoo.com,pattern_generation,common_domain,0.4,low
Brookwood Home & Auto Inc.,"15897 AL-216, Brookwood, AL 35444, USA",(205) 553-2799,N/A,4.6,66,brookwood@gmail.com,pattern_generation,common_domain,0.4,low,brookwood@yahoo.com,pattern_generation,common_domain,0.4,low,info@gmail.com,pattern_generation,common_domain_suffix,0.3,low
Home Outlet,"400 McFarland Blvd, Northport, AL 35476, USA",(205) 333-3966,http://www.homeoutlet.com/store/home-outlet-northport-al,4.2,80,northportal@homeoutlet.com,website_scraping,main_page,0.9,high,user@example.com,website_scraping,contact_page,0.95,very_high,N/A,N/A,N/A,N/A,N/A
Lowe's Home Improvement,"5703 McFarland Blvd, Northport, AL 35476, USA",(205) 330-4613,https://www.lowes.com/store/AL-Northport/2488?cm_mmc=lod-_-c-_-lcl-_-awr-_-yxt-_-go-_-2488-_-na-_-0-_-0&y_source=1_MTE4MjgwNC03MTUtbG9jYXRpb24ud2Vic2l0ZQ%3D%3D,4.1,1337,lowes@lowes.com,pattern_generation,business_domain,0.7,medium,lowes@gmail.com,pattern_generation,common_domain,0.4,low,lowes@yahoo.com,pattern_generation,common_domain,0.4,low
V & W Supply Co Inc.,"711 21st Ave, Tuscaloosa, AL 35403, USA",(205) 758-8621,https://www.vwplumbingsupply.com/?utm_source=VW+Website+TUS+GMB+,4.3,19,v@vwplumbingsupply.com,pattern_generation,business_domain,0.7,medium,v@gmail.com,pattern_generation,common_domain,0.4,low,v@yahoo.com,pattern_generation,common_domain,0.4,low
Harper Chambers Lumber Co,"4101 Andrews St, Tuscaloosa, AL 35405, USA",(205) 345-4590,http://www.hclumber.com/,4.5,10,info@hclumber.com,website_scraping,main_page,0.9,high,info@hclumber.net,website_scraping,contact_page,0.95,very_high,N/A,N/A,N/A,N/A,N/A
Habitat for Humanity ReStore- Tuscaloosa,"504 14th St, Tuscaloosa, AL 35401, USA",(205) 349-4620,http://www.tuscaloosarestore.org/,4.3,140,605a7baede844d278b89dc95ae0a9123@sentry-next.wixpress.com,website_scraping,main_page,0.9,high,restore@habitattuscaloosa.org,website_scraping,main_page,0.9,high,N/A,N/A,N/A,N/A,N/A
park supply tuscaloosa,"2918 10th Ave, Tuscaloosa, AL 35401, USA",(205) 345-8414,http://www.parksupplyco.net/,4.6,56,park@parksupplyco.net,pattern_generation,business_domain,0.7,medium,park@gmail.com,pattern_generation,common_domain,0.4,low,park@yahoo.com,pattern_generation,common_domain,0.4,low
Hillcrest Feed & Garden Supply,"10936 Commercial Dr, Tuscaloosa, AL 35405, USA",(205) 366-1414,N/A,4.6,76,hillcrest@gmail.com,pattern_generation,common_domain,0.4,low,hillcrest@yahoo.com,pattern_generation,common_domain,0.4,low,info@gmail.com,pattern_generation,common_domain_suffix,0.3,low
JLS Sales Inc.,"535 Waco Rd, Tuscaloosa, AL 35405, USA",(205) 752-1384,N/A,4.8,21,jls@gmail.com,pattern_generation,common_domain,0.4,low,jls@yahoo.com,pattern_generation,common_domain,0.4,low,info@gmail.com,pattern_generation,common_domain_suffix,0.3,low
Lowe's Home Improvement,"1641 Beltline Rd SW, Decatur, AL 35601, USA",(256) 301-0652,https://www.lowes.com/store/AL-Decatur/1176?cm_mmc=lod-_-c-_-lcl-_-awr-_-yxt-_-go-_-1176-_-na-_-0-_-0&y_source=1_MTE4Mjk0OC03MTUtbG9jYXRpb24ud2Vic2l0ZQ%3D%3D,4.2,1685,lowes@lowes.com,pattern_generation,business_domain,0.7,medium,lowes@gmail.com,pattern_generation,common_domain,0.4,low,lowes@yahoo.com,pattern_generation,common_domain,0.4,low
"Gobble-Fite Lumber Company, Inc.","302 Wilson St NW, Decatur, AL 35601, USA",(256) 353-5713,https://gobble-fite.com/,4.5,50,Lumber_Equipment_and_Hardware_1800x800_Shopify_Slider_580x@2x.png,website_scraping,main_page,0.9,high,logo_120x@2x.png,website_scraping,main_page,0.9,high,N/A,N/A,N/A,N/A,N/A
Forge & Build,"408 Hwy 31 NW, Hartselle, AL 35640, USA",(256) 773-5477,http://www.acehardware.com/store-details/19370?utm_source=google&utm_medium=local&utm_campaign=localmaps&utm_content=19370,4.7,52,forge@acehardware.com,pattern_generation,business_domain,0.7,medium,forge@gmail.com,pattern_generation,common_domain,0.4,low,forge@yahoo.com,pattern_generation,common_domain,0.4,low
"Russell Building Supply - Auburn, AL","2811 E University Dr, Auburn, AL 36830, USA",(334) 887-7071,https://www.doitbest.com/russell-do-it-center/about-us/auburn/,4.1,61,russell@doitbest.com,pattern_generation,business_domain,0.7,medium,russell@gmail.com,pattern_generation,common_domain,0.4,low,russell@yahoo.com,pattern_generation,common_domain,0.4,low
United Building Supply,"2402 Florence Blvd, Florence, AL 35630, USA",(256) 766-5005,https://unitedbuildingsupplyflorence.com/,4.6,19,ejunitedlumber@gmail.com,website_scraping,main_page,0.9,high,N/A,N/A,N/A,N/A,N/A,N/A,N/A,N/A,N/A,N/A
Sheffield Hardware,"309 N Montgomery Ave, Sheffield, AL 35660, USA",(256) 320-7950,https://www.facebook.com/sheffieldhardware/,4.7,46,sheffield@facebook.com,pattern_generation,business_domain,0.7,medium,sheffield@gmail.com,pattern_generation,common_domain,0.4,low,sheffield@yahoo.com,pattern_generation,common_domain,0.4,low
Lowe's Home Improvement,"130 Cox Crk Pkwy S, Florence, AL 35630, USA",(256) 764-7887,https://www.lowes.com/store/AL-Florence/0481?cm_mmc=lod-_-c-_-lcl-_-awr-_-yxt-_-go-_-481-_-na-_-0-_-0&y_source=1_MTE4Mjk1NS03MTUtbG9jYXRpb24ud2Vic2l0ZQ%3D%3D,4.2,1702,lowes@lowes.com,pattern_generation,business_domain,0.7,medium,lowes@gmail.com,pattern_generation,common_domain,0.4,low,lowes@yahoo.com,pattern_generation,common_domain,0.4,low
Southern Pipe & Supply,"528 E Tennessee St, Florence, AL 35630, USA",(256) 767-0260,http://www.southernpipe.com/,4.4,10,southern@southernpipe.com,pattern_generation,business_domain,0.7,medium,southern@gmail.com,pattern_generation,common_domain,0.4,low,southern@yahoo.com,pattern_generation,common_domain,0.4,low
Center Hill Market & Hardware,"5275 AL-64, Killen, AL 35645, USA",(256) 460-6763,http://www.centerhillmarketandhardware.com/,4.6,210,center@centerhillmarketandhardware.com,pattern_generation,business_domain,0.7,medium,center@gmail.com,pattern_generation,common_domain,0.4,low,center@yahoo.com,pattern_generation,common_domain,0.4,low
Tallman Company,"625 Veterans Dr, Florence, AL 35630, USA",(256) 767-0400,https://www.tallmanco.com/,4.6,51,your@email.com,website_scraping,main_page,0.9,high,N/A,N/A,N/A,N/A,N/A,N/A,N/A,N/A,N/A,N/A
Builders Choice,"1626 Florence Blvd, Florence, AL 35630, USA",(256) 767-5085,https://www.builderschoicelumber.com/,4.3,21,bear@builderschoicelumber.com,website_scraping,main_page,0.9,high,craig@builderschoicelumber.com,website_scraping,main_page,0.9,high,bradley@builderschoicelumber.com,website_scraping,main_page,0.9,high
Coussons Hardware and Convenience at Church Road,"30 Co Rd 30, Florence, AL 35634, USA",(256) 275-3768,N/A,4.5,40,coussons@gmail.com,pattern_generation,common_domain,0.4,low,coussons@yahoo.com,pattern_generation,common_domain,0.4,low,info@gmail.com,pattern_generation,common_domain_suffix,0.3,low
Home Outlet,"108 Zenith Rd, Dothan, AL 36303, USA",(334) 673-5625,http://www.homeoutlet.com/store/home-outlet-dothan-al,4.4,106,user@example.com,website_scraping,contact_page,0.95,very_high,N/A,N/A,N/A,N/A,N/A,N/A,N/A,N/A,N/A,N/A
Dothan Hardware & Supply Co Inc.,"2321 N Range St, Dothan, AL 36303, USA",(334) 792-5135,http://www.dothanhardware.com/,4.7,27,jpowell@dohdwe.com,website_scraping,contact_page,0.95,very_high,N/A,N/A,N/A,N/A,N/A,N/A,N/A,N/A,N/A,N/A
E R Porter Hardware Co,"136 E Main St, Dothan, AL 36301, USA",(334) 792-3158,N/A,5,13,e@gmail.com,pattern_generation,common_domain,0.4,low,e@yahoo.com,pattern_generation,common_domain,0.4,low,info@gmail.com,pattern_generation,common_domain_suffix,0.3,low
Lowe's Home Improvement,"2671 Ross Clark Cir, Dothan, AL 36301, USA",(334) 673-9157,https://www.lowes.com/store/AL-Dothan/0606?cm_mmc=lod-_-c-_-lcl-_-awr-_-yxt-_-go-_-606-_-na-_-0-_-0&y_source=1_MTE4MzE2MC03MTUtbG9jYXRpb24ud2Vic2l0ZQ%3D%3D,4.2,2500,lowes@lowes.com,pattern_generation,business_domain,0.7,medium,lowes@gmail.com,pattern_generation,common_domain,0.4,low,lowes@yahoo.com,pattern_generation,common_domain,0.4,low
ADK Building Supply,"2394 Ross Clark Cir, Dothan, AL 36301, USA",(334) 984-2422,http://adkbuildingsupply.com/,4.4,88,605a7baede844d278b89dc95ae0a9123@sentry-next.wixpress.com,website_scraping,main_page,0.9,high,8c4075d5481d476e945486754f783364@sentry.io,website_scraping,main_page,0.9,high,gbrunson@adkbuildingsupply.com,website_scraping,main_page,0.9,high
Lowe's Home Improvement,"4801 Montgomery Hwy, Dothan, AL 36303, USA",(334) 340-2560,https://www.lowes.com/store/AL-Dothan/2884?cm_mmc=lod-_-c-_-lcl-_-awr-_-yxt-_-go-_-2884-_-na-_-0-_-0&y_source=1_MTE4MzE1Ni03MTUtbG9jYXRpb24ud2Vic2l0ZQ%3D%3D,4.3,1626,lowes@lowes.com,pattern_generation,business_domain,0.7,medium,lowes@gmail.com,pattern_generation,common_domain,0.4,low,lowes@yahoo.com,pattern_generation,common_domain,0.4,low
Marvin's,"301 N 12th St, Gadsden, AL 35901, USA",(256) 546-2856,http://www.marvinsbuildingmaterials.com/?utm_source=GMB&utm_medium=Organic&utm_campaign=GMB&utm_content=Gadsden,4,139,79baaa8e09c746d2b7401643b99792e0@sentry.wixpress.com,website_scraping,main_page,0.9,high,8c4075d5481d476e945486754f783364@sentry.io,website_scraping,main_page,0.9,high,1eeb89147c984dc6bc3ffafd9e6cd089@sentry.wixpress.com,website_scraping,main_page,0.9,high
Lowe's Home Improvement,"615 George Wallace Dr, Gadsden, AL 35903, USA",(256) 543-1543,https://www.lowes.com/store/AL-Gadsden/1640?cm_mmc=lod-_-c-_-lcl-_-awr-_-yxt-_-go-_-1640-_-na-_-0-_-0&y_source=1_MTE4Mjk1My03MTUtbG9jYXRpb24ud2Vic2l0ZQ%3D%3D,4.1,2366,lowes@lowes.com,pattern_generation,business_domain,0.7,medium,lowes@gmail.com,pattern_generation,common_domain,0.4,low,lowes@yahoo.com,pattern_generation,common_domain,0.4,low
Southside Hardware Co.,"1693 AL-77, Gadsden, AL 35907, USA",(256) 485-1468,https://southsidehardwareco.com/,4.8,67,info@southsidehardwareco.com,website_scraping,main_page,0.9,high,N/A,N/A,N/A,N/A,N/A,N/A,N/A,N/A,N/A,N/A
Building Systems & Supply,"797 W Grand Ave, Rainbow City, AL 35906, USA",(256) 442-5960,N/A,4.4,93,building@gmail.com,pattern_generation,common_domain,0.4,low,building@yahoo.com,pattern_generation,common_domain,0.4,low,info@gmail.com,pattern_generation,common_domain_suffix,0.3,low
HB Hardware & Building Supply,"5601 Main St, Hokes Bluff, AL 35903, USA",(256) 492-7377,N/A,4.7,41,hb@gmail.com,pattern_generation,common_domain,0.4,low,hb@yahoo.com,pattern_generation,common_domain,0.4,low,info@gmail.com,pattern_generation,common_domain_suffix,0.3,low
Hudak Hardware & Paint Supply,"2104 Rainbow Dr, Gadsden, AL 35901, USA",(256) 546-5358,N/A,4.6,20,hudak@gmail.com,pattern_generation,common_domain,0.4,low,hudak@yahoo.com,pattern_generation,common_domain,0.4,low,info@gmail.com,pattern_generation,common_domain_suffix,0.3,low
Etowah Builders Supply Inc,"205 W Grand Ave, Rainbow City, AL 35906, USA",(256) 442-3510,N/A,4.4,66,etowah@gmail.com,pattern_generation,common_domain,0.4,low,etowah@yahoo.com,pattern_generation,common_domain,0.4,low,info@gmail.com,pattern_generation,common_domain_suffix,0.3,low
Mountain Top Hardware & Supply,"11174 US-278, Altoona, AL 35952, USA",(205) 589-6500,N/A,4.7,94,mountain@gmail.com,pattern_generation,common_domain,0.4,low,mountain@yahoo.com,pattern_generation,common_domain,0.4,low,info@gmail.com,pattern_generation,common_domain_suffix,0.3,low
Shello Shellay,"Cleveland Ave, Gadsden, AL 35901, USA",N/A,N/A,5,4,shello@gmail.com,pattern_generation,common_domain,0.4,low,shello@yahoo.com,pattern_generation,common_domain,0.4,low,info@gmail.com,pattern_generation,common_domain_suffix,0.3,low
Lansing Building Products,"100 Rainbow Industrial Blvd, Rainbow City, AL 35906, USA",(256) 442-0022,https://www.lansingnow.com/,4.5,42,lansing@lansingnow.com,pattern_generation,business_domain,0.7,medium,lansing@gmail.com,pattern_generation,common_domain,0.4,low,lansing@yahoo.com,pattern_generation,common_domain,0.4,low
Ollie's Bargain Outlet,"3000 E Meighan Blvd, Gadsden, AL 35903, USA",(256) 494-5274,http://www.ollies.us/,4.4,1248,ollies@ollies.us,pattern_generation,business_domain,0.7,medium,ollies@gmail.com,pattern_generation,common_domain,0.4,low,ollies@yahoo.com,pattern_generation,common_domain,0.4,low
Old Glory Home Supplies,"1804 Eastside Dr, Gadsden, AL 35904, USA",(256) 952-1804,N/A,N/A,N/A,old@gmail.com,pattern_generation,common_domain,0.4,low,old@yahoo.com,pattern_generation,common_domain,0.4,low,info@gmail.com,pattern_generation,common_domain_suffix,0.3,low
AIH Alaska Industrial Hardware Inc.,"5655 Old Seward Hwy, Anchorage, AK 99518, USA",(907) 561-1781,https://www.aih.com/,4.5,444,aih@aih.com,pattern_generation,business_domain,0.7,medium,aih@gmail.com,pattern_generation,common_domain,0.4,low,aih@yahoo.com,pattern_generation,common_domain,0.4,low
Hardware Specialties Inc.,"424 W 54th Ave, Anchorage, AK 99518, USA",(907) 563-1312,http://www.hsiak.com/,4.8,91,sales@hsiak.com,website_scraping,main_page,0.9,high,N/A,N/A,N/A,N/A,N/A,N/A,N/A,N/A,N/A,N/A
Lowe's Home Improvement,"333 E Tudor Rd, Anchorage, AK 99503, USA",(907) 563-0391,https://www.lowes.com/store/AK-Anchorage/0289?cm_mmc=lod-_-c-_-lcl-_-awr-_-yxt-_-go-_-289-_-na-_-0-_-0&y_source=1_MTE4NDMzOC03MTUtbG9jYXRpb24ud2Vic2l0ZQ%3D%3D,4.1,1312,lowes@lowes.com,pattern_generation,business_domain,0.7,medium,lowes@gmail.com,pattern_generation,common_domain,0.4,low,lowes@yahoo.com,pattern_generation,common_domain,0.4,low
TrustWorthy Hardware and Lumber Supply,"17034 N Eagle River Loop Rd STE 101, Eagle River, AK 99577, USA",(907) 694-9384,https://www.facebook.com/EagleRiverTrustworthyHardwareStore/,4.8,189,trustworthy@facebook.com,pattern_generation,business_domain,0.7,medium,trustworthy@gmail.com,pattern_generation,common_domain,0.4,low,trustworthy@yahoo.com,pattern_generation,common_domain,0.4,low
Walmart Supercenter,"8900 Old Seward Hwy, Anchorage, AK 99515, USA",(907) 344-5300,https://www.walmart.com/store/2071-anchorage-ak/?veh=seo_loc,3.9,3903,walmart@walmart.com,pattern_generation,business_domain,0.7,medium,walmart@gmail.com,pattern_generation,common_domain,0.4,low,walmart@yahoo.com,pattern_generation,common_domain,0.4,low
AIH Alaska Industrial Hardware Inc,"2716 Commercial Dr, Anchorage, AK 99501, USA",(907) 272-1441,https://www.aih.com/,4.5,146,aih@aih.com,pattern_generation,business_domain,0.7,medium,aih@gmail.com,pattern_generation,common_domain,0.4,low,aih@yahoo.com,pattern_generation,common_domain,0.4,low
AIH Alaska Industrial Hardware Inc,"8801 Old Seward Hwy, Anchorage, AK 99515, USA",(907) 276-7201,http://www.aih.com/,4.3,122,aih@aih.com,pattern_generation,business_domain,0.7,medium,aih@gmail.com,pattern_generation,common_domain,0.4,low,aih@yahoo.com,pattern_generation,common_domain,0.4,low
AIH Alaska Industrial Hardware Inc.,"12340 Old Glenn Hwy, Eagle River, AK 99577, USA",(907) 694-2988,https://aih.com/,4.2,153,aih@aih.com,pattern_generation,business_domain,0.7,medium,aih@gmail.com,pattern_generation,common_domain,0.4,low,aih@yahoo.com,pattern_generation,common_domain,0.4,low
Fasteners & Fire Equipment Co,"123 E International Airport Rd, Anchorage, AK 99518, USA",(907) 562-2777,http://www.fastenersfire.com/,4.5,134,fasteners@fastenersfire.com,pattern_generation,business_domain,0.7,medium,fasteners@gmail.com,pattern_generation,common_domain,0.4,low,fasteners@yahoo.com,pattern_generation,common_domain,0.4,low
Walmart Supercenter,"3101 A St, Anchorage, AK 99503, USA",(907) 563-5900,https://www.walmart.com/store/2070-anchorage-ak/?veh=seo_loc,3.8,5597,walmart@walmart.com,pattern_generation,business_domain,0.7,medium,walmart@gmail.com,pattern_generation,common_domain,0.4,low,walmart@yahoo.com,pattern_generation,common_domain,0.4,low
Architectural Hardware Supply Inc.,"1200 E 76th Ave #1205, Anchorage, AK 99518, USA",(907) 522-0234,https://ahs-alaska.biz/,4,5,architectural@ahs-alaska.biz,pattern_generation,business_domain,0.7,medium,architectural@gmail.com,pattern_generation,common_domain,0.4,low,architectural@yahoo.com,pattern_generation,common_domain,0.4,low
General Hardware Distributors,"2192 Viking Dr, Anchorage, AK 99501, USA",(907) 279-6691,N/A,N/A,N/A,general@gmail.com,pattern_generation,common_domain,0.4,low,general@yahoo.com,pattern_generation,common_domain,0.4,low,info@gmail.com,pattern_generation,common_domain_suffix,0.3,low
Lowe's Home Improvement,"10900 Old Seward Hwy, Anchorage, AK 99515, USA",(907) 349-8889,https://www.lowes.com/store/AK-Anchorage/1633?cm_mmc=lod-_-c-_-lcl-_-awr-_-yxt-_-go-_-1633-_-na-_-0-_-0&y_source=1_MTE4NDMzNS03MTUtbG9jYXRpb24ud2Vic2l0ZQ%3D%3D,4.1,946,lowes@lowes.com,pattern_generation,business_domain,0.7,medium,lowes@gmail.com,pattern_generation,common_domain,0.4,low,lowes@yahoo.com,pattern_generation,common_domain,0.4,low
Lowe's Home Improvement,"1200 N Muldoon Rd, Anchorage, AK 99504, USA",(907) 269-2400,https://www.lowes.com/store/AK-Anchorage/2955?cm_mmc=lod-_-c-_-lcl-_-awr-_-yxt-_-go-_-2955-_-na-_-0-_-0&y_source=1_MTE4NDMzNC03MTUtbG9jYXRpb24ud2Vic2l0ZQ%3D%3D,4.2,1105,lowes@lowes.com,pattern_generation,business_domain,0.7,medium,lowes@gmail.com,pattern_generation,common_domain,0.4,low,lowes@yahoo.com,pattern_generation,common_domain,0.4,low
AIH Alaska Industrial Hardware Inc.,"2951 Airport Way, Fairbanks, AK 99709, USA",(907) 452-4788,https://www.aih.com/,4.5,336,aih@aih.com,pattern_generation,business_domain,0.7,medium,aih@gmail.com,pattern_generation,common_domain,0.4,low,aih@yahoo.com,pattern_generation,common_domain,0.4,low
Sentry Hardware,"250 3rd St #6, Fairbanks, AK 99701, USA",(907) 452-4774,http://frontieroutfittersfairbanks.com/,4.3,86,605a7baede844d278b89dc95ae0a9123@sentry-next.wixpress.com,website_scraping,main_page,0.9,high,8eb368c655b84e029ed79ad7a5c1718e@sentry.wixpress.com,website_scraping,main_page,0.9,high,N/A,N/A,N/A,N/A,N/A
Frontier Outfitters,"250 3rd St #6, Fairbanks, AK 99701, USA",(907) 452-4774,http://www.frontieroutfittersfairbanks.com/,4.3,239,605a7baede844d278b89dc95ae0a9123@sentry-next.wixpress.com,website_scraping,main_page,0.9,high,8eb368c655b84e029ed79ad7a5c1718e@sentry.wixpress.com,website_scraping,main_page,0.9,high,N/A,N/A,N/A,N/A,N/A
Lowe's Home Improvement,"425 Merhar Ave, Fairbanks, AK 99701, USA",(907) 451-4700,https://www.lowes.com/store/AK-Fairbanks/1985?cm_mmc=lod-_-c-_-lcl-_-awr-_-yxt-_-go-_-1985-_-na-_-0-_-0&y_source=1_MTE4NDMzNy03MTUtbG9jYXRpb24ud2Vic2l0ZQ%3D%3D,4,1032,lowes@lowes.com,pattern_generation,business_domain,0.7,medium,lowes@gmail.com,pattern_generation,common_domain,0.4,low,lowes@yahoo.com,pattern_generation,common_domain,0.4,low
Spenard Builders Supply,"2460 Phillips Field Rd, Fairbanks, AK 99701, USA",(907) 452-5050,http://www.sbsalaska.com/,3.9,49,generalkenai@sbsalaska.com,website_scraping,main_page,0.9,high,generalpolarsupplyanch@polarsupply.com,website_scraping,main_page,0.9,high,generalsitka@sbsalaska.com,website_scraping,main_page,0.9,high
"Denali Industrial Supply, Inc.","1499 Van Horn Rd, Fairbanks, AK 99701, USA",(907) 452-4524,https://denali-industrial.com/,4.7,33,websales@denali-industrial.com,website_scraping,contact_page,0.95,very_high,N/A,N/A,N/A,N/A,N/A,N/A,N/A,N/A,N/A,N/A
Sentry Hardware North Pole,"North Pole, AK 99705, USA",(907) 488-6521,N/A,4.4,176,sentry@gmail.com,pattern_generation,common_domain,0.4,low,sentry@yahoo.com,pattern_generation,common_domain,0.4,low,info@gmail.com,pattern_generation,common_domain_suffix,0.3,low
Frontier Supply Company,"981 Van Horn Rd, Fairbanks, AK 99701, USA",(907) 374-3500,http://www.frontiersupply.com/,4.4,36,daveh@frontiersupply.warwebllc3.com,website_scraping,contact_page,0.95,very_high,VickiM@frontiersupply.com,website_scraping,contact_page,0.95,very_high,MJG@frontiersupply.com,website_scraping,contact_page,0.95,very_high
K-Supply Co,"965 Aurora Dr, Fairbanks, AK 99709, USA",(907) 451-8721,N/A,4.4,16,ksupply@gmail.com,pattern_generation,common_domain,0.4,low,ksupply@yahoo.com,pattern_generation,common_domain,0.4,low,info@gmail.com,pattern_generation,common_domain_suffix,0.3,low
AIH Alaska Industrial Hardware Inc.,"2093 Jordan Ave, Juneau, AK 99801, USA",(907) 790-3300,https://www.aih.com/,4.1,95,aih@aih.com,pattern_generation,business_domain,0.7,medium,aih@gmail.com,pattern_generation,common_domain,0.4,low,aih@yahoo.com,pattern_generation,common_domain,0.4,low
Valley Lumber & Building Supply,"8525 Old Dairy Rd, Juneau, AK 99801, USA",(907) 789-7500,https://www.valleylumberjuneau.com/,4.6,23,605a7baede844d278b89dc95ae0a9123@sentry-next.wixpress.com,website_scraping,main_page,0.9,high,78f7996315bc402f9dcb8a2f974b82d1@sentry.wixpress.com,website_scraping,main_page,0.9,high,8c4075d5481d476e945486754f783364@sentry.io,website_scraping,main_page,0.9,high
Don Abel Bldg Sply Inc,"9999 Glacier Hwy, Juneau, AK 99801, USA",(907) 789-2155,http://www.donabel.biz/,4.4,138,ed436f5053144538958ad06a5005e99a@sentry.wixpress.com,website_scraping,main_page,0.9,high,shop@donabel.biz,website_scraping,main_page,0.9,high,0e6a29e4756740a8a63493e912ba2174@sentry.wixpress.com,website_scraping,main_page,0.9,high
Spenard Builders Supply,"1600 Mill Bay Rd, Kodiak, AK 99615, USA",(907) 486-4168,https://www.sbsalaska.com/locations/kodiak/,4,23,generalkenai@sbsalaska.com,website_scraping,main_page,0.9,high,generalpolarsupplyanch@polarsupply.com,website_scraping,main_page,0.9,high,generalsitka@sbsalaska.com,website_scraping,main_page,0.9,high
Trustworthy Hardware lumber yard,"16607 Coronado St, Eagle River, AK 99577, USA",N/A,N/A,5,1,trustworthy@gmail.com,pattern_generation,common_domain,0.4,low,trustworthy@yahoo.com,pattern_generation,common_domain,0.4,low,info@gmail.com,pattern_generation,common_domain_suffix,0.3,low
Spenard Builders Supply,"3978 Lake St, Homer, AK 99603, USA",(907) 235-8506,https://www.sbsalaska.com/,4.1,46,generalkenai@sbsalaska.com,website_scraping,main_page,0.9,high,generalpolarsupplyanch@polarsupply.com,website_scraping,main_page,0.9,high,generalsitka@sbsalaska.com,website_scraping,main_page,0.9,high
Sportsman's Supply And Rental,"1114 Freight Dock Rd, Homer, AK 99603, USA",(907) 235-2617,N/A,4.7,61,sportsmans@gmail.com,pattern_generation,common_domain,0.4,low,sportsmans@yahoo.com,pattern_generation,common_domain,0.4,low,info@gmail.com,pattern_generation,common_domain_suffix,0.3,low
Kachemak Gear Shed,"3625 East End Rd, Homer, AK 99603, USA",(907) 235-8612,http://go2marine.com/,4.5,330,kachemak@go2marine.com,pattern_generation,business_domain,0.7,medium,kachemak@gmail.com,pattern_generation,common_domain,0.4,low,kachemak@yahoo.com,pattern_generation,common_domain,0.4,low
Wood Plus,"3835 East End Rd, Homer, AK 99603, USA",(907) 235-7628,N/A,5,1,wood@gmail.com,pattern_generation,common_domain,0.4,low,wood@yahoo.com,pattern_generation,common_domain,0.4,low,info@gmail.com,pattern_generation,common_domain_suffix,0.3,low
Homer Lumber,"3978 Lake St, Homer, AK 99603, USA",(907) 235-8506,https://www.bldr.com/location/spenard-builders-supply-homer-ak-lumber-yard/HOMRAKYD,N/A,N/A,homer@bldr.com,pattern_generation,business_domain,0.7,medium,homer@gmail.com,pattern_generation,common_domain,0.4,low,homer@yahoo.com,pattern_generation,common_domain,0.4,low
M & M Hardware & Builders Supply,"4420 US-79, Homer, LA 71040, USA",(318) 927-3209,http://benjaminmoore.com/,4.9,63,u003einfo@benjaminmoore.com,website_scraping,main_page,0.9,high,info@benjaminmoore.com,website_scraping,main_page,0.9,high,N/A,N/A,N/A,N/A,N/A
Wagon Wheel Garden and Pet,"1506 Ocean Dr, Homer, AK 99603, USA",(907) 235-8777,http://akwagonwheel.com/,4.7,153,alaskawagonwheel@gmail.com,website_scraping,main_page,0.9,high,N/A,N/A,N/A,N/A,N/A,N/A,N/A,N/A,N/A,N/A
Homer Hardware,"856 Historic Homer Hwy, Homer, GA 30547, USA",(706) 677-2243,http://homer-hardware.keeq.io/,4.7,35,homer@homer-hardware.keeq.io,pattern_generation,business_domain,0.7,medium,homer@gmail.com,pattern_generation,common_domain,0.4,low,homer@yahoo.com,pattern_generation,common_domain,0.4,low
ULMER BURGESS INC,"3858 Lake St #5, Homer, AK 99603, USA",(907) 235-2897,N/A,N/A,N/A,ulmer@gmail.com,pattern_generation,common_domain,0.4,low,ulmer@yahoo.com,pattern_generation,common_domain,0.4,low,info@gmail.com,pattern_generation,common_domain_suffix,0.3,low
North Wind Home Collection,"173 W Pioneer Ave, Homer, AK 99603, USA",(907) 235-0766,https://www.facebook.com/North-Wind-Home-Collection-117197111722008/,4.5,13,north@facebook.com,pattern_generation,business_domain,0.7,medium,north@gmail.com,pattern_generation,common_domain,0.4,low,north@yahoo.com,pattern_generation,common_domain,0.4,low
Homer Art and Frame,"4001 Lake St #3, Homer, AK 99603, USA",(907) 435-3999,http://homerartandframe.com/,4.9,30,homer@homerartandframe.com,pattern_generation,business_domain,0.7,medium,homer@gmail.com,pattern_generation,common_domain,0.4,low,homer@yahoo.com,pattern_generation,common_domain,0.4,low
Airgas Store,"5075 Kachemak Dr Bldg 1A, Homer, AK 99603, USA",(907) 235-0693,"https://locations.airgas.com/ak/homer/airgas-store-w282.html?utm_arg=3rd_party_local:Google::Industrial,%20Dry%20Ice:W282",4.9,31,wecanhelp@airgas.com,website_scraping,main_page,0.9,high,ww-homerw282@airgas.com,website_scraping,main_page,0.9,high,N/A,N/A,N/A,N/A,N/A
Fritz Creek General Store,"55770 East End Rd, Homer, AK 99603, USA",(907) 235-6521,N/A,4.1,52,fritz@gmail.com,pattern_generation,common_domain,0.4,low,fritz@yahoo.com,pattern_generation,common_domain,0.4,low,info@gmail.com,pattern_generation,common_domain_suffix,0.3,low
Honda Ski-doo,"1275 Ocean Dr, Homer, AK 99603, USA",N/A,N/A,N/A,N/A,honda@gmail.com,pattern_generation,common_domain,0.4,low,honda@yahoo.com,pattern_generation,common_domain,0.4,low,info@gmail.com,pattern_generation,common_domain_suffix,0.3,low
AIH Alaska Industrial Hardware Inc.,"193 Bridge Access Rd, Kenai, AK 99611, USA",(907) 283-3531,https://www.aih.com/,4.4,173,aih@aih.com,pattern_generation,business_domain,0.7,medium,aih@gmail.com,pattern_generation,common_domain,0.4,low,aih@yahoo.com,pattern_generation,common_domain,0.4,low
Nikiski Hardware & Supply,"52951 Porter Dr, Kenai, AK 99611, USA",(907) 776-7500,http://www.nikiskihardware.co/,4.9,50,mockup-12d3c58f_530x530@2x.jpg,website_scraping,main_page,0.9,high,IMG_4659_110x@2x.JPG,website_scraping,main_page,0.9,high,stainless-steel-water-bottle-white-17oz-front-2-607b2d54eb380_530x530@2x.jpg,website_scraping,main_page,0.9,high
Spenard Builders Supply,"40575 Kalifornsky Beach Rd, Kenai, AK 99611, USA",(907) 283-7584,https://www.sbsalaska.com/locations/kenai/,4.4,22,generalkenai@sbsalaska.com,website_scraping,main_page,0.9,high,generalpolarsupplyanch@polarsupply.com,website_scraping,main_page,0.9,high,generalsitka@sbsalaska.com,website_scraping,main_page,0.9,high
Soldotna Trustworthy Hardware & Fishing,"44648 Sterling Hwy, Soldotna, AK 99669, USA",(907) 262-4655,http://www.soldotnahardware.com/,4.6,635,ordertrustworthy@gmail.com,website_scraping,main_page,0.9,high,N/A,N/A,N/A,N/A,N/A,N/A,N/A,N/A,N/A,N/A
Spenard Builders Supply,"97 Inner Springer Loop, Palmer, AK 99645, USA",(907) 746-7001,https://www.sbsalaska.com/,4.6,37,generalkenai@sbsalaska.com,website_scraping,main_page,0.9,high,generalpolarsupplyanch@polarsupply.com,website_scraping,main_page,0.9,high,generalsitka@sbsalaska.com,website_scraping,main_page,0.9,high
AIH Alaska Industrial Hardware Inc,"751w Commercial Dr, Wasilla, AK 99654, USA",(907) 376-5274,http://aih.com/,4.4,462,aih@aih.com,pattern_generation,business_domain,0.7,medium,aih@gmail.com,pattern_generation,common_domain,0.4,low,aih@yahoo.com,pattern_generation,common_domain,0.4,low
Valley Locksmiths,"105 E Arctic Ave, Palmer, AK 99645, USA",(907) 745-3408,N/A,4.6,36,valley@gmail.com,pattern_generation,common_domain,0.4,low,valley@yahoo.com,pattern_generation,common_domain,0.4,low,info@gmail.com,pattern_generation,common_domain_suffix,0.3,low
Mat Valley Milling,"11664 E Outer Springer Loop, Palmer, AK 99645, USA",(907) 746-3030,https://www.matvalleymilling.com/,4,24,mat@matvalleymilling.com,pattern_generation,business_domain,0.7,medium,mat@gmail.com,pattern_generation,common_domain,0.4,low,mat@yahoo.com,pattern_generation,common_domain,0.4,low
The Lumber Yard,"849 3rd Ave, Bethel, AK 99559, USA",(907) 543-3915,https://aklumberyard.com/,4.8,5,the@aklumberyard.com,pattern_generation,business_domain,0.7,medium,the@gmail.com,pattern_generation,common_domain,0.4,low,the@yahoo.com,pattern_generation,common_domain,0.4,low
Alaska Commercial Company,"135 Ridgecrest Dr, Bethel, AK 99559, USA",(907) 543-2661,https://www.alaskacommercial.com/,3.9,258,info@alaskacommercial.com,website_scraping,contact_page,0.95,very_high,N/A,N/A,N/A,N/A,N/A,N/A,N/A,N/A,N/A,N/A
Btp Llc,"830 River St, Bethel, AK 99559, USA",(907) 543-0670,N/A,N/A,N/A,btp@gmail.com,pattern_generation,common_domain,0.4,low,btp@yahoo.com,pattern_generation,common_domain,0.4,low,info@gmail.com,pattern_generation,common_domain_suffix,0.3,low
Clyde Hardware Co Inc,"4808 N 15th St, Phoenix, AZ 85014, USA",(602) 264-2106,https://www.clydehardware.com/,4.4,68,info@clydehardware.com,website_scraping,contact_page,0.95,very_high,N/A,N/A,N/A,N/A,N/A,N/A,N/A,N/A,N/A,N/A
McFadden-Dale Industrial Hardware,"4647 S 32nd St, Phoenix, AZ 85040, USA",(602) 304-9141,http://www.mcfadaz.com/,4.7,164,mcfaddendale@mcfadaz.com,pattern_generation,business_domain,0.7,medium,mcfaddendale@gmail.com,pattern_generation,common_domain,0.4,low,mcfaddendale@yahoo.com,pattern_generation,common_domain,0.4,low
Six Points Hardware,"1409 N 19th Ave, Phoenix, AZ 85009, USA",(602) 600-6657,https://www.sixpointshardware.com/,4.5,168,six@sixpointshardware.com,pattern_generation,business_domain,0.7,medium,six@gmail.com,pattern_generation,common_domain,0.4,low,six@yahoo.com,pattern_generation,common_domain,0.4,low
Rockler Woodworking and Hardware - Phoenix,"4626 E Thunderbird Rd, Phoenix, AZ 85032, USA",(602) 996-3488,https://www.rockler.com/retail/stores/az-phoenix-store?utm_source=local&utm_medium=organic&utm_campaign=phoenix,4.7,263,info@rockler.com,website_scraping,main_page,0.9,high,customercare@rockler.com,website_scraping,contact_page,0.95,very_high,webmaster@rockler.com,website_scraping,contact_page,0.95,very_high
Broadway Central Hardware,"28 E Broadway Rd, Phoenix, AZ 85040, USA",(602) 243-6227,http://www.acehardware.com/store-details/18094?utm_source=google&utm_medium=local&utm_campaign=localmaps&utm_content=18094,4.1,168,broadway@acehardware.com,pattern_generation,business_domain,0.7,medium,broadway@gmail.com,pattern_generation,common_domain,0.4,low,broadway@yahoo.com,pattern_generation,common_domain,0.4,low
SaleSumo,"221 N 48th Ave, Phoenix, AZ 85043, USA",(602) 332-8056,http://www.salesumo.com/,4.5,1665,u003einfo@company.com,website_scraping,main_page,0.9,high,u003eBob@SaleSumo.com,website_scraping,main_page,0.9,high,N/A,N/A,N/A,N/A,N/A
Harper's Hardware & Cabinet Supply,"3516 S Campbell Ave, Tucson, AZ 85713, USA",(520) 867-6723,https://www.harpershardwaresupply.com/,4.8,44,example@yahoo.com,website_scraping,contact_page,0.95,very_high,N/A,N/A,N/A,N/A,N/A,N/A,N/A,N/A,N/A,N/A
Tucson Estates Hardware,"3025 S Kinney Rd, Tucson, AZ 85713, USA",(520) 578-3989,http://www.acehardware.com/store-details/18699?utm_source=google&utm_medium=local&utm_campaign=localmaps&utm_content=18699,4.6,430,tucson@acehardware.com,pattern_generation,business_domain,0.7,medium,tucson@gmail.com,pattern_generation,common_domain,0.4,low,tucson@yahoo.com,pattern_generation,common_domain,0.4,low
Arizona Hardware,"625 E Baseline Rd # 101, Gilbert, AZ 85233, USA",(480) 892-6969,http://www.arizonahardware.com/,4.2,58,arizona@arizonahardware.com,pattern_generation,business_domain,0.7,medium,arizona@gmail.com,pattern_generation,common_domain,0.4,low,arizona@yahoo.com,pattern_generation,common_domain,0.4,low
Standard Hardware - Mesa,"550 E Baseline Rd, Mesa, AZ 85204, USA",(480) 210-8683,https://stores.truevalue.com/az/mesa/20071/,3.8,18,standard@stores.truevalue.com,pattern_generation,business_domain,0.7,medium,standard@gmail.com,pattern_generation,common_domain,0.4,low,standard@yahoo.com,pattern_generation,common_domain,0.4,low
Lowe's Home Improvement,"1229 S Ellsworth Rd, Mesa, AZ 85209, USA",(480) 373-2440,https://www.lowes.com/store/AZ-Mesa/2527?cm_mmc=lod-_-c-_-lcl-_-awr-_-yxt-_-go-_-2527-_-na-_-0-_-0&y_source=1_MTE4MzM5NC03MTUtbG9jYXRpb24ud2Vic2l0ZQ%3D%3D,4.1,2775,lowes@lowes.com,pattern_generation,business_domain,0.7,medium,lowes@gmail.com,pattern_generation,common_domain,0.4,low,lowes@yahoo.com,pattern_generation,common_domain,0.4,low
Mckay's Hardware LLC.,"4939 W Ray Rd, Chandler, AZ 85226, USA",(480) 686-8064,https://stores.truevalue.com/az/chandler/20350,4.4,106,mckays@stores.truevalue.com,pattern_generation,business_domain,0.7,medium,mckays@gmail.com,pattern_generation,common_domain,0.4,low,mckays@yahoo.com,pattern_generation,common_domain,0.4,low
Arizona Industrial Hardware,"6965 W Frye Rd, Chandler, AZ 85226, USA",(480) 831-6003,http://www.aihfasteners.com/,5,4,arizona@aihfasteners.com,pattern_generation,business_domain,0.7,medium,arizona@gmail.com,pattern_generation,common_domain,0.4,low,arizona@yahoo.com,pattern_generation,common_domain,0.4,low
Woodcraft of Phoenix,"3002 N Arizona Ave #12, Chandler, AZ 85225, USA",(480) 539-9663,https://www.woodcraft.com/pages/store/phoenix,4.5,123,walpole@woodcraft.com,website_scraping,main_page,0.9,high,parkersburg-retail@woodcraft.com,website_scraping,main_page,0.9,high,appleton-retail@woodcraft.com,website_scraping,main_page,0.9,high
The Hardware Store,"145 E Highland St Suite 4, Chandler, AZ 85225, USA",N/A,http://www.ths2a.com/,5,1,the@ths2a.com,pattern_generation,business_domain,0.7,medium,the@gmail.com,pattern_generation,common_domain,0.4,low,the@yahoo.com,pattern_generation,common_domain,0.4,low
Shoppers Supply,"2880 S Alma School Rd, Chandler, AZ 85286, USA",(480) 917-4060,https://www.shopperssupplyaz.com/?utm_source=GMB&utm_medium=organic&utm_campaign=Chandler&utm_content=Website,4.6,1446,shoppers@shopperssupplyaz.com,pattern_generation,business_domain,0.7,medium,shoppers@gmail.com,pattern_generation,common_domain,0.4,low,shoppers@yahoo.com,pattern_generation,common_domain,0.4,low
Direct Tools Factory Outlet,"4976 Premium Outlets Way #746, Chandler, AZ 85226, USA",(520) 796-1711,https://www.directtoolsoutlet.com/,5,8,direct@directtoolsoutlet.com,pattern_generation,business_domain,0.7,medium,direct@gmail.com,pattern_generation,common_domain,0.4,low,direct@yahoo.com,pattern_generation,common_domain,0.4,low
Lowe's Home Improvement,"2900 W Chandler Blvd, Chandler, AZ 85224, USA",(480) 855-0012,https://www.lowes.com/store/AZ-Chandler/1032?cm_mmc=lod-_-c-_-lcl-_-awr-_-yxt-_-go-_-1032-_-na-_-0-_-0&y_source=1_MTE4MzQwMi03MTUtbG9jYXRpb24ud2Vic2l0ZQ%3D%3D,4.2,1323,lowes@lowes.com,pattern_generation,business_domain,0.7,medium,lowes@gmail.com,pattern_generation,common_domain,0.4,low,lowes@yahoo.com,pattern_generation,common_domain,0.4,low
RH Outlet Chandler,"2700 W Chandler Blvd, Chandler, AZ 85224, USA",(480) 855-0039,https://rh.com/store-locations/stores.jsp,4,99,rh@rh.com,pattern_generation,business_domain,0.7,medium,rh@gmail.com,pattern_generation,common_domain,0.4,low,rh@yahoo.com,pattern_generation,common_domain,0.4,low
Lowe's Home Improvement,"7100 W Ray Rd, Chandler, AZ 85226, USA",(480) 753-0103,https://www.lowes.com/store/AZ-Chandler/0674?cm_mmc=lod-_-c-_-lcl-_-awr-_-yxt-_-go-_-674-_-na-_-0-_-0&y_source=1_MTE4MzM5OS03MTUtbG9jYXRpb24ud2Vic2l0ZQ%3D%3D,4.3,1442,lowes@lowes.com,pattern_generation,business_domain,0.7,medium,lowes@gmail.com,pattern_generation,common_domain,0.4,low,lowes@yahoo.com,pattern_generation,common_domain,0.4,low
"T & M Hardware, Inc.","4498 W Peoria Ave, Glendale, AZ 85302, USA",(623) 934-4030,N/A,3.6,109,t@gmail.com,pattern_generation,common_domain,0.4,low,t@yahoo.com,pattern_generation,common_domain,0.4,low,info@gmail.com,pattern_generation,common_domain_suffix,0.3,low
Los Martinez Home Improvement & Tools,"5449 N 51st Ave #104, Glendale, AZ 85301, USA",(623) 363-5542,https://losmartinezhomeimprovement.com/,4.3,105,martinezhomegoods@outlook.com,website_scraping,main_page,0.9,high,N/A,N/A,N/A,N/A,N/A,N/A,N/A,N/A,N/A,N/A
Lowe's Home Improvement,"5809 W Northern Ave, Glendale, AZ 85301, USA",(623) 463-6120,https://www.lowes.com/store/AZ-Glendale/1728?cm_mmc=lod-_-c-_-lcl-_-awr-_-yxt-_-go-_-1728-_-na-_-0-_-0&y_source=1_MTE4MzczOC03MTUtbG9jYXRpb24ud2Vic2l0ZQ%3D%3D,4,2383,lowes@lowes.com,pattern_generation,business_domain,0.7,medium,lowes@gmail.com,pattern_generation,common_domain,0.4,low,lowes@yahoo.com,pattern_generation,common_domain,0.4,low
Howard's Ace,"4238 W Bell Rd, Glendale, AZ 85308, USA",(602) 938-5587,http://www.acehardware.com/store-details/17779?utm_source=google&utm_medium=local&utm_campaign=localmaps&utm_content=17779,4.3,244,howards@acehardware.com,pattern_generation,business_domain,0.7,medium,howards@gmail.com,pattern_generation,common_domain,0.4,low,howards@yahoo.com,pattern_generation,common_domain,0.4,low
World of Tools & Supplies,"6019 N 53rd Dr, Glendale, AZ 85301, USA",(623) 939-9502,http://worldoftools.net/,5,7,world@worldoftools.net,pattern_generation,business_domain,0.7,medium,world@gmail.com,pattern_generation,common_domain,0.4,low,world@yahoo.com,pattern_generation,common_domain,0.4,low
"Mark’s Bolts, Nuts and Surplus","6710 W Belmont Ave, Glendale, AZ 85303, USA",(623) 939-9312,N/A,4.9,130,marks@gmail.com,pattern_generation,common_domain,0.4,low,marks@yahoo.com,pattern_generation,common_domain,0.4,low,info@gmail.com,pattern_generation,common_domain_suffix,0.3,low
"L&W Supply - Glendale, AZ","7612 N 74th Ave, Glendale, AZ 85303, USA",(480) 337-5480,https://lwsupply.com/locations/lw-supply-glendale-az/?utm_source=google&utm_medium=organic_gmb&utm_campaign=gmbglendale_az_listing,4.5,22,mgr7372@abcsupply.com,website_scraping,main_page,0.9,high,N/A,N/A,N/A,N/A,N/A,N/A,N/A,N/A,N/A,N/A
Nina Construction Supply,"6705 W Frier Dr, Glendale, AZ 85303, USA",(623) 931-2874,http://www.ninaconstructionsupply.com/,4.7,84,Sales@NinaSupply.com,website_scraping,contact_page,0.95,very_high,alexr@ninasupply.com,website_scraping,contact_page,0.95,very_high,jaimei@ninasupply.com,website_scraping,contact_page,0.95,very_high
Lowe's Home Improvement,"7950 E McDowell Rd, Scottsdale, AZ 85257, USA",(480) 874-8120,https://www.lowes.com/store/AZ-Scottsdale/1850?cm_mmc=lod-_-c-_-lcl-_-awr-_-yxt-_-go-_-1850-_-na-_-0-_-0&y_source=1_MTE4MzQwMy03MTUtbG9jYXRpb24ud2Vic2l0ZQ%3D%3D,4.2,2207,lowes@lowes.com,pattern_generation,business_domain,0.7,medium,lowes@gmail.com,pattern_generation,common_domain,0.4,low,lowes@yahoo.com,pattern_generation,common_domain,0.4,low
Lowe's Home Improvement,"16285 N Scottsdale Rd, Scottsdale, AZ 85254, USA",(480) 607-0246,https://www.lowes.com/store/AZ-Scottsdale/0792?cm_mmc=lod-_-c-_-lcl-_-awr-_-yxt-_-go-_-792-_-na-_-0-_-0&y_source=1_MTE4MzM5OC03MTUtbG9jYXRpb24ud2Vic2l0ZQ%3D%3D,4,1281,lowes@lowes.com,pattern_generation,business_domain,0.7,medium,lowes@gmail.com,pattern_generation,common_domain,0.4,low,lowes@yahoo.com,pattern_generation,common_domain,0.4,low
Scottsdale Custom Building Materials,"7650 E Gelding Dr, Scottsdale, AZ 85260, USA",(480) 948-4697,http://www.scottsdalecustom.com/,4.3,56,scottsdale@scottsdalecustom.com,pattern_generation,business_domain,0.7,medium,scottsdale@gmail.com,pattern_generation,common_domain,0.4,low,scottsdale@yahoo.com,pattern_generation,common_domain,0.4,low
Kv Liquidation,"8110 W Peoria Ave Suite 110, Peoria, AZ 85345, USA",(623) 444-8855,N/A,3.9,42,kv@gmail.com,pattern_generation,common_domain,0.4,low,kv@yahoo.com,pattern_generation,common_domain,0.4,low,info@gmail.com,pattern_generation,common_domain_suffix,0.3,low
Lowe's Home Improvement,"25311 N Lake Pleasant Pkwy, Peoria, AZ 85383, USA",(623) 537-2640,https://www.lowes.com/store/AZ-Peoria/2820?cm_mmc=lod-_-c-_-lcl-_-awr-_-yxt-_-go-_-2820-_-na-_-0-_-0&y_source=1_MTE4Mzc0MC03MTUtbG9jYXRpb24ud2Vic2l0ZQ%3D%3D,4.4,1121,lowes@lowes.com,pattern_generation,business_domain,0.7,medium,lowes@gmail.com,pattern_generation,common_domain,0.4,low,lowes@yahoo.com,pattern_generation,common_domain,0.4,low
Lowe's Home Improvement,"8497 W Thunderbird Rd, Peoria, AZ 85381, USA",(623) 776-3382,https://www.lowes.com/store/AZ-Peoria/1117?cm_mmc=lod-_-c-_-lcl-_-awr-_-yxt-_-go-_-1117-_-na-_-0-_-0&y_source=1_MTE4Mzc0MS03MTUtbG9jYXRpb24ud2Vic2l0ZQ%3D%3D,4.2,2219,lowes@lowes.com,pattern_generation,business_domain,0.7,medium,lowes@gmail.com,pattern_generation,common_domain,0.4,low,lowes@yahoo.com,pattern_generation,common_domain,0.4,low
Standard Plumbing Supply,"9111 Grand Ave, Peoria, AZ 85345, USA",(480) 526-7735,http://truevalue.com/,4.4,69,johndoe@domain.com,website_scraping,main_page,0.9,high,N/A,N/A,N/A,N/A,N/A,N/A,N/A,N/A,N/A,N/A
Lowe's Home Improvement,"734 S Gilbert Rd, Gilbert, AZ 85296, USA",(480) 558-1007,https://www.lowes.com/store/AZ-Gilbert/1090?cm_mmc=lod-_-c-_-lcl-_-awr-_-yxt-_-go-_-1090-_-na-_-0-_-0&y_source=1_MTE4MzM5Ny03MTUtbG9jYXRpb24ud2Vic2l0ZQ%3D%3D,4.1,1846,lowes@lowes.com,pattern_generation,business_domain,0.7,medium,lowes@gmail.com,pattern_generation,common_domain,0.4,low,lowes@yahoo.com,pattern_generation,common_domain,0.4,low
Lowe's Home Improvement,"4730 S Higley Rd, Gilbert, AZ 85297, USA",(480) 840-6280,https://www.lowes.com/store/AZ-Gilbert/2808?cm_mmc=lod-_-c-_-lcl-_-awr-_-yxt-_-go-_-2808-_-na-_-0-_-0&y_source=1_MTE4MzQwMS03MTUtbG9jYXRpb24ud2Vic2l0ZQ%3D%3D,4.2,1951,lowes@lowes.com,pattern_generation,business_domain,0.7,medium,lowes@gmail.com,pattern_generation,common_domain,0.4,low,lowes@yahoo.com,pattern_generation,common_domain,0.4,low
Lowe's Home Improvement,"13363 W Grand Ave, Surprise, AZ 85374, USA",(623) 975-6020,https://www.lowes.com/store/AZ-Surprise/1607?cm_mmc=lod-_-c-_-lcl-_-awr-_-yxt-_-go-_-1607-_-na-_-0-_-0&y_source=1_MTE4Mzc0NC03MTUtbG9jYXRpb24ud2Vic2l0ZQ%3D%3D,4.2,2100,lowes@lowes.com,pattern_generation,business_domain,0.7,medium,lowes@gmail.com,pattern_generation,common_domain,0.4,low,lowes@yahoo.com,pattern_generation,common_domain,0.4,low
Fuller & Son Hardware,"9815 W Markham St, Little Rock, AR 72205, USA",(501) 227-4440,N/A,4.7,216,fuller@gmail.com,pattern_generation,common_domain,0.4,low,fuller@yahoo.com,pattern_generation,common_domain,0.4,low,info@gmail.com,pattern_generation,common_domain_suffix,0.3,low
Hum's Hardware & Rental,"3901 E Broadway St, North Little Rock, AR 72114, USA",(501) 945-2216,https://humsnlr.com/,4.6,343,hums@humsnlr.com,pattern_generation,business_domain,0.7,medium,hums@gmail.com,pattern_generation,common_domain,0.4,low,hums@yahoo.com,pattern_generation,common_domain,0.4,low
Stanley Hardware,"4308 MacArthur Dr, North Little Rock, AR 72118, USA",(501) 753-2470,https://www.stanleyhardwarenlr.com/,4.7,259,stanley@stanleyhardwarenlr.com,pattern_generation,business_domain,0.7,medium,stanley@gmail.com,pattern_generation,common_domain,0.4,low,stanley@yahoo.com,pattern_generation,common_domain,0.4,low
Fuller & Son Hardware,"900 Main St, Little Rock, AR 72202, USA",(501) 604-7575,N/A,4.5,240,fuller@gmail.com,pattern_generation,common_domain,0.4,low,fuller@yahoo.com,pattern_generation,common_domain,0.4,low,info@gmail.com,pattern_generation,common_domain_suffix,0.3,low
Fuller & Son Hardware,"14710 Cantrell Rd, Little Rock, AR 72212, USA",(501) 868-8080,https://www.fullerandson.com/,4.5,36,Helloab1123w@TheHardwareStore.com,website_scraping,main_page,0.9,high,info.fullerandson@gmail.com,website_scraping,main_page,0.9,high,N/A,N/A,N/A,N/A,N/A
Fuller & Son Hardware and Lumber,"Cloverdale Plaza Shopping Center, 7311 Baseline Rd, Little Rock, AR 72209, USA",(501) 562-2345,https://fullerandson.com/,4.5,350,Helloab1123w@TheHardwareStore.com,website_scraping,main_page,0.9,high,info.fullerandson@gmail.com,website_scraping,main_page,0.9,high,N/A,N/A,N/A,N/A,N/A
Fuller & Son Hardware Inc,"9728 Maumelle Blvd, North Little Rock, AR 72113, USA",(501) 771-9229,https://fullerandson.com/,4.5,185,Helloab1123w@TheHardwareStore.com,website_scraping,main_page,0.9,high,info.fullerandson@gmail.com,website_scraping,main_page,0.9,high,N/A,N/A,N/A,N/A,N/A
Lumber One Home Center-Little Rock,"10800 Colonel Glenn Rd, Little Rock, AR 72204, USA",(501) 406-1082,http://www.acehardware.com/store-details/18440?utm_source=google&utm_medium=local&utm_campaign=localmaps&utm_content=18440,4.6,62,lumber@acehardware.com,pattern_generation,business_domain,0.7,medium,lumber@gmail.com,pattern_generation,common_domain,0.4,low,lumber@yahoo.com,pattern_generation,common_domain,0.4,low
Fuller and Son Hardware Inc,"5915 R St, Little Rock, AR 72207, USA",(501) 916-9677,https://fullerandson.com/,4.6,137,Helloab1123w@TheHardwareStore.com,website_scraping,main_page,0.9,high,info.fullerandson@gmail.com,website_scraping,main_page,0.9,high,N/A,N/A,N/A,N/A,N/A
Kraftco Hardware,"6711 Cantrell Rd, Little Rock, AR 72207, USA",(501) 666-5471,http://kraftcohardware.com/,4.6,62,605a7baede844d278b89dc95ae0a9123@sentry-next.wixpress.com,website_scraping,main_page,0.9,high,8c4075d5481d476e945486754f783364@sentry.io,website_scraping,main_page,0.9,high,9a65e97ebe8141fca0c4fd686f70996b@sentry.wixpress.com,website_scraping,main_page,0.9,high
Lowe's Home Improvement,"1100 S Bowman Rd, Little Rock, AR 72211, USA",(501) 435-3164,https://www.lowes.com/store/AR-Little-Rock/3331?cm_mmc=lod-_-c-_-lcl-_-awr-_-yxt-_-go-_-3331-_-na-_-0-_-0&y_source=1_ODUyMDE3NS03MTUtbG9jYXRpb24ud2Vic2l0ZQ%3D%3D,3.9,1170,lowes@lowes.com,pattern_generation,business_domain,0.7,medium,lowes@gmail.com,pattern_generation,common_domain,0.4,low,lowes@yahoo.com,pattern_generation,common_domain,0.4,low
F. L. Davis Ace Sherwood,"2913 E Kiehl Ave, Sherwood, AR 72120, USA",(501) 834-4223,http://fldavis.com/?utm_source=google&utm_medium=local&utm_campaign=localmaps&utm_content=15949,4.7,349,f@fldavis.com,pattern_generation,business_domain,0.7,medium,f@gmail.com,pattern_generation,common_domain,0.4,low,f@yahoo.com,pattern_generation,common_domain,0.4,low
Chuck's Surplus,"4509 W Dixon Rd, Little Rock, AR 72206, USA",(501) 888-5502,https://m.facebook.com/Chucks-Surplus-132085950204949/,4.2,153,chucks@m.facebook.com,pattern_generation,business_domain,0.7,medium,chucks@gmail.com,pattern_generation,common_domain,0.4,low,chucks@yahoo.com,pattern_generation,common_domain,0.4,low
The Hardware Store,"5 W Township St, Fayetteville, AR 72703, USA",(479) 442-6000,http://www.ths5.com/,4.5,302,the@ths5.com,pattern_generation,business_domain,0.7,medium,the@gmail.com,pattern_generation,common_domain,0.4,low,the@yahoo.com,pattern_generation,common_domain,0.4,low
Johnsons Hardware,"1250 N Leverett Ave #1623, Fayetteville, AR 72703, USA",(479) 521-1613,https://www.doitbest.com/find-a-store/arkansas/1199-johnson-hardware/,4.6,84,johnsons@doitbest.com,pattern_generation,business_domain,0.7,medium,johnsons@gmail.com,pattern_generation,common_domain,0.4,low,johnsons@yahoo.com,pattern_generation,common_domain,0.4,low
Crossover Hardware & Rental,"1756 N Crossover Rd, Fayetteville, AR 72701, USA",(479) 445-6470,http://www.crossoverhardware.com/,4.6,57,Sales@crossoverhardware.com,website_scraping,main_page,0.9,high,lemonad@jovanny.ru,website_scraping,main_page,0.9,high,N/A,N/A,N/A,N/A,N/A
Ridout Lumber - Fayetteville,"2401 N Gregg Ave, Fayetteville, AR 72703, USA",(479) 442-2351,https://ridoutlumber.com/,4.2,42,ridout@ridoutlumber.com,pattern_generation,business_domain,0.7,medium,ridout@gmail.com,pattern_generation,common_domain,0.4,low,ridout@yahoo.com,pattern_generation,common_domain,0.4,low
Lowe's Home Improvement,"3231 M.L.K. Jr Blvd, Fayetteville, AR 72704, USA",(479) 387-3007,https://www.lowes.com/store/AR-Fayetteville/1806?cm_mmc=lod-_-c-_-lcl-_-awr-_-yxt-_-go-_-1806-_-na-_-0-_-0&y_source=1_MTE4MzM4NS03MTUtbG9jYXRpb24ud2Vic2l0ZQ%3D%3D,4.2,1573,lowes@lowes.com,pattern_generation,business_domain,0.7,medium,lowes@gmail.com,pattern_generation,common_domain,0.4,low,lowes@yahoo.com,pattern_generation,common_domain,0.4,low
